group,setting,method,num_runs,accuracy_mean,accuracy_std,loss_mean,loss_std,macro_accuracy_mean,macro_accuracy_std,worst_class_accuracy_mean,worst_class_accuracy_std,mean_client_local_accuracy_mean,mean_client_local_accuracy_std,std_client_local_accuracy_mean,std_client_local_accuracy_std
alpha_sweep,alpha_0.1,centralized,1,0.9745,0.0,0.08492515716552734,0.0,0.9743068397593767,0.0,0.9591439688715954,0.0,0.9869430995973245,0.0,0.0050023648231776385,0.0
alpha_sweep,alpha_0.1,epoch_weighted_avg,1,0.562,0.0,1.6355102966308595,0.0,0.5550240617903763,0.0,0.0,0.0,0.6439779436271678,0.0,0.22694180642464404,0.0
alpha_sweep,alpha_0.1,regmean_epoch_weighted,1,0.7716,0.0,0.922521630859375,0.0,0.765757198814034,0.0,0.34496919917864477,0.0,0.8191390966660124,0.0,0.0841607694069857,0.0
alpha_sweep,alpha_0.1,regmean_equal,1,0.7716,0.0,0.922521630859375,0.0,0.765757198814034,0.0,0.34496919917864477,0.0,0.8191390966660124,0.0,0.0841607694069857,0.0
alpha_sweep,alpha_0.1,simple_avg,1,0.562,0.0,1.6355102966308595,0.0,0.5550240617903763,0.0,0.0,0.0,0.6439779436271678,0.0,0.22694180642464404,0.0
alpha_sweep,alpha_0.1,single_best,1,0.5304,0.0,3.0962102783203127,0.0,0.5226352327874686,0.0,0.0,0.0,,,,
alpha_sweep,alpha_0.5,centralized,1,0.9745,0.0,0.08492515716552734,0.0,0.9743068397593767,0.0,0.9591439688715954,0.0,0.984762346990981,0.0,0.0020786615400489286,0.0
alpha_sweep,alpha_0.5,epoch_weighted_avg,1,0.8168,0.0,0.6237767196655274,0.0,0.8124167833092099,0.0,0.515695067264574,0.0,0.8216315556830892,0.0,0.07145216041943114,0.0
alpha_sweep,alpha_0.5,regmean_epoch_weighted,1,0.8813,0.0,0.4003494468688965,0.0,0.8787362176744689,0.0,0.7006726457399103,0.0,0.8795692767234533,0.0,0.030453791836462758,0.0
alpha_sweep,alpha_0.5,regmean_equal,1,0.8813,0.0,0.4003494468688965,0.0,0.8787362176744689,0.0,0.7006726457399103,0.0,0.8795692767234533,0.0,0.030453791836462758,0.0
alpha_sweep,alpha_0.5,simple_avg,1,0.8168,0.0,0.6237767196655274,0.0,0.8124167833092099,0.0,0.515695067264574,0.0,0.8216315556830892,0.0,0.07145216041943114,0.0
alpha_sweep,alpha_0.5,single_best,1,0.912,0.0,0.29730252799987794,0.0,0.9105274329568482,0.0,0.8171206225680934,0.0,,,,
alpha_sweep,alpha_1.0,centralized,1,0.9745,0.0,0.08492515716552734,0.0,0.9743068397593767,0.0,0.9591439688715954,0.0,0.9847382768008366,0.0,0.0023769433161503705,0.0
alpha_sweep,alpha_1.0,epoch_weighted_avg,1,0.8816,0.0,0.42034309997558594,0.0,0.8809031951984977,0.0,0.7373540856031129,0.0,0.8781507085895038,0.0,0.02274461459941915,0.0
alpha_sweep,alpha_1.0,regmean_epoch_weighted,1,0.9001,0.0,0.3337500114440918,0.0,0.8987877622859767,0.0,0.830739299610895,0.0,0.8973621326031477,0.0,0.013510977317210222,0.0
alpha_sweep,alpha_1.0,regmean_equal,1,0.9001,0.0,0.3337500114440918,0.0,0.8987877622859767,0.0,0.830739299610895,0.0,0.8973621326031477,0.0,0.013510977317210222,0.0
alpha_sweep,alpha_1.0,simple_avg,1,0.8816,0.0,0.42034309997558594,0.0,0.8809031951984977,0.0,0.7373540856031129,0.0,0.8781507085895038,0.0,0.02274461459941915,0.0
alpha_sweep,alpha_1.0,single_best,1,0.9095,0.0,0.3061059013366699,0.0,0.9089549431405437,0.0,0.7974806201550387,0.0,,,,
alpha_sweep,alpha_5.0,centralized,1,0.9745,0.0,0.08492515716552734,0.0,0.9743068397593767,0.0,0.9591439688715954,0.0,0.9848176572187053,0.0,0.001698683189729951,0.0
alpha_sweep,alpha_5.0,epoch_weighted_avg,1,0.9211,0.0,0.2888611343383789,0.0,0.9200260379802859,0.0,0.8624229979466119,0.0,0.9183909921758973,0.0,0.005523387818603625,0.0
alpha_sweep,alpha_5.0,regmean_epoch_weighted,1,0.9182,0.0,0.2825079334259033,0.0,0.9169221227436017,0.0,0.8497757847533632,0.0,0.9155277487981386,0.0,0.005073345381961961,0.0
alpha_sweep,alpha_5.0,regmean_equal,1,0.9182,0.0,0.2825079334259033,0.0,0.9169221227436017,0.0,0.8497757847533632,0.0,0.9155277487981386,0.0,0.005073345381961961,0.0
alpha_sweep,alpha_5.0,simple_avg,1,0.9211,0.0,0.2888611343383789,0.0,0.9200260379802859,0.0,0.8624229979466119,0.0,0.9183909921758973,0.0,0.005523387818603625,0.0
alpha_sweep,alpha_5.0,single_best,1,0.9238,0.0,0.2648374092102051,0.0,0.9229188419965579,0.0,0.8766816143497758,0.0,,,,
calibration_sweep,calib_128,centralized,1,0.9751,0.0,0.08252302122116088,0.0,0.9750614776539521,0.0,0.9602713178294574,0.0,0.9940917370387637,0.0,0.0020113112147236377,0.0
calibration_sweep,calib_128,epoch_weighted_avg,1,0.6055,0.0,1.4739314666748047,0.0,0.5994278992372795,0.0,0.017346938775510204,0.0,0.6173313387818639,0.0,0.14880385135803914,0.0
calibration_sweep,calib_128,regmean_epoch_weighted,1,0.7856,0.0,1.0710561584472655,0.0,0.7798004051511023,0.0,0.3778026905829596,0.0,0.7963534062862674,0.0,0.07756199294763962,0.0
calibration_sweep,calib_128,regmean_equal,1,0.8123,0.0,0.7661509307861328,0.0,0.8081329647064053,0.0,0.5280269058295964,0.0,0.8162068577495306,0.0,0.05646216398463135,0.0
calibration_sweep,calib_128,simple_avg,1,0.794,0.0,0.6262754440307617,0.0,0.7897374881189378,0.0,0.3994053518334985,0.0,0.8025745492210462,0.0,0.07916312705686068,0.0
calibration_sweep,calib_128,single_best,1,0.912,0.0,0.29730252799987794,0.0,0.9105274329568482,0.0,0.8171206225680934,0.0,,,,
calibration_sweep,calib_16,centralized,1,0.9751,0.0,0.08252302122116088,0.0,0.9750614776539521,0.0,0.9602713178294574,0.0,0.9940917370387637,0.0,0.0020113112147236377,0.0
calibration_sweep,calib_16,epoch_weighted_avg,1,0.6055,0.0,1.4739314666748047,0.0,0.5994278992372795,0.0,0.017346938775510204,0.0,0.6173313387818639,0.0,0.14880385135803914,0.0
calibration_sweep,calib_16,regmean_epoch_weighted,1,0.6327,0.0,2.1809735595703126,0.0,0.6260151156023104,0.0,0.30829596412556054,0.0,0.6389890180644052,0.0,0.0785948963324701,0.0
calibration_sweep,calib_16,regmean_equal,1,0.5949,0.0,2.516657000732422,0.0,0.5881571766611249,0.0,0.28699551569506726,0.0,0.5970050866813866,0.0,0.07981083887764828,0.0
calibration_sweep,calib_16,simple_avg,1,0.794,0.0,0.6262754440307617,0.0,0.7897374881189378,0.0,0.3994053518334985,0.0,0.8025745492210462,0.0,0.07916312705686068,0.0
calibration_sweep,calib_16,single_best,1,0.912,0.0,0.29730252799987794,0.0,0.9105274329568482,0.0,0.8171206225680934,0.0,,,,
calibration_sweep,calib_256,centralized,1,0.9751,0.0,0.08252302122116088,0.0,0.9750614776539521,0.0,0.9602713178294574,0.0,0.9940917370387637,0.0,0.0020113112147236377,0.0
calibration_sweep,calib_256,epoch_weighted_avg,1,0.6055,0.0,1.4739314666748047,0.0,0.5994278992372795,0.0,0.017346938775510204,0.0,0.6173313387818639,0.0,0.14880385135803914,0.0
calibration_sweep,calib_256,regmean_epoch_weighted,1,0.823,0.0,0.8659469512939453,0.0,0.8172858486908338,0.0,0.36995515695067266,0.0,0.8291618962474046,0.0,0.07715128215215944,0.0
calibration_sweep,calib_256,regmean_equal,1,0.8438,0.0,0.584973208618164,0.0,0.8400363008226185,0.0,0.5381165919282511,0.0,0.8563436270128397,0.0,0.051215703016001854,0.0
calibration_sweep,calib_256,simple_avg,1,0.794,0.0,0.6262754440307617,0.0,0.7897374881189378,0.0,0.3994053518334985,0.0,0.8025745492210462,0.0,0.07916312705686068,0.0
calibration_sweep,calib_256,single_best,1,0.912,0.0,0.29730252799987794,0.0,0.9105274329568482,0.0,0.8171206225680934,0.0,,,,
calibration_sweep,calib_32,centralized,1,0.9751,0.0,0.08252302122116088,0.0,0.9750614776539521,0.0,0.9602713178294574,0.0,0.9940917370387637,0.0,0.0020113112147236377,0.0
calibration_sweep,calib_32,epoch_weighted_avg,1,0.6055,0.0,1.4739314666748047,0.0,0.5994278992372795,0.0,0.017346938775510204,0.0,0.6173313387818639,0.0,0.14880385135803914,0.0
calibration_sweep,calib_32,regmean_epoch_weighted,1,0.6795,0.0,1.7748045654296876,0.0,0.6738962753775134,0.0,0.3890134529147982,0.0,0.6770477099026997,0.0,0.06933927840803353,0.0
calibration_sweep,calib_32,regmean_equal,1,0.6254,0.0,2.07556181640625,0.0,0.6194184167203302,0.0,0.3609865470852018,0.0,0.6202430132364354,0.0,0.06664089067154215,0.0
calibration_sweep,calib_32,simple_avg,1,0.794,0.0,0.6262754440307617,0.0,0.7897374881189378,0.0,0.3994053518334985,0.0,0.8025745492210462,0.0,0.07916312705686068,0.0
calibration_sweep,calib_32,single_best,1,0.912,0.0,0.29730252799987794,0.0,0.9105274329568482,0.0,0.8171206225680934,0.0,,,,
calibration_sweep,calib_512,centralized,1,0.9751,0.0,0.08252302122116088,0.0,0.9750614776539521,0.0,0.9602713178294574,0.0,0.9940917370387637,0.0,0.0020113112147236377,0.0
calibration_sweep,calib_512,epoch_weighted_avg,1,0.6055,0.0,1.4739314666748047,0.0,0.5994278992372795,0.0,0.017346938775510204,0.0,0.6173313387818639,0.0,0.14880385135803914,0.0
calibration_sweep,calib_512,regmean_epoch_weighted,1,0.8368,0.0,0.8076328399658204,0.0,0.8315951767352674,0.0,0.40919282511210764,0.0,0.8449816687451163,0.0,0.07364837502124642,0.0
calibration_sweep,calib_512,regmean_equal,1,0.866,0.0,0.5010703216552734,0.0,0.8625685970268642,0.0,0.5751121076233184,0.0,0.8750167604915755,0.0,0.04638159980154699,0.0
calibration_sweep,calib_512,simple_avg,1,0.794,0.0,0.6262754440307617,0.0,0.7897374881189378,0.0,0.3994053518334985,0.0,0.8025745492210462,0.0,0.07916312705686068,0.0
calibration_sweep,calib_512,single_best,1,0.912,0.0,0.29730252799987794,0.0,0.9105274329568482,0.0,0.8171206225680934,0.0,,,,
calibration_sweep,calib_64,centralized,1,0.9751,0.0,0.08252302122116088,0.0,0.9750614776539521,0.0,0.9602713178294574,0.0,0.9940917370387637,0.0,0.0020113112147236377,0.0
calibration_sweep,calib_64,epoch_weighted_avg,1,0.6055,0.0,1.4739314666748047,0.0,0.5994278992372795,0.0,0.017346938775510204,0.0,0.6173313387818639,0.0,0.14880385135803914,0.0
calibration_sweep,calib_64,regmean_epoch_weighted,1,0.737,0.0,1.3509000854492188,0.0,0.7323812847833154,0.0,0.45964125560538116,0.0,0.7417418095473775,0.0,0.06654362484918121,0.0
calibration_sweep,calib_64,regmean_equal,1,0.7193,0.0,1.284567999267578,0.0,0.7150085883676257,0.0,0.5067264573991032,0.0,0.724635696291335,0.0,0.057568538298834855,0.0
calibration_sweep,calib_64,simple_avg,1,0.794,0.0,0.6262754440307617,0.0,0.7897374881189378,0.0,0.3994053518334985,0.0,0.8025745492210462,0.0,0.07916312705686068,0.0
calibration_sweep,calib_64,single_best,1,0.912,0.0,0.29730252799987794,0.0,0.9105274329568482,0.0,0.8171206225680934,0.0,,,,
per_class_recovery,dirichlet_medium,centralized,1,0.9745,0.0,0.08492515716552734,0.0,0.9743068397593767,0.0,0.9591439688715954,0.0,0.984762346990981,0.0,0.0020786615400489286,0.0
per_class_recovery,dirichlet_medium,epoch_weighted_avg,1,0.8168,0.0,0.6237767196655274,0.0,0.8124167833092099,0.0,0.515695067264574,0.0,0.8216315556830892,0.0,0.07145216041943114,0.0
per_class_recovery,dirichlet_medium,regmean_epoch_weighted,1,0.8813,0.0,0.4003494468688965,0.0,0.8787362176744689,0.0,0.7006726457399103,0.0,0.8795692767234533,0.0,0.030453791836462758,0.0
per_class_recovery,dirichlet_medium,regmean_equal,1,0.8813,0.0,0.4003494468688965,0.0,0.8787362176744689,0.0,0.7006726457399103,0.0,0.8795692767234533,0.0,0.030453791836462758,0.0
per_class_recovery,dirichlet_medium,simple_avg,1,0.8168,0.0,0.6237767196655274,0.0,0.8124167833092099,0.0,0.515695067264574,0.0,0.8216315556830892,0.0,0.07145216041943114,0.0
per_class_recovery,dirichlet_medium,single_best,1,0.912,0.0,0.29730252799987794,0.0,0.9105274329568482,0.0,0.8171206225680934,0.0,,,,
per_client_recovery,dirichlet_budget_hetero,centralized,1,0.9751,0.0,0.08252302122116088,0.0,0.9750614776539521,0.0,0.9602713178294574,0.0,0.9940917370387637,0.0,0.0020113112147236377,0.0
per_client_recovery,dirichlet_budget_hetero,epoch_weighted_avg,1,0.6055,0.0,1.4739314666748047,0.0,0.5994278992372795,0.0,0.017346938775510204,0.0,0.6173313387818639,0.0,0.14880385135803914,0.0
per_client_recovery,dirichlet_budget_hetero,regmean_epoch_weighted,1,0.823,0.0,0.8659469512939453,0.0,0.8172858486908338,0.0,0.36995515695067266,0.0,0.8291618962474046,0.0,0.07715128215215944,0.0
per_client_recovery,dirichlet_budget_hetero,regmean_equal,1,0.8438,0.0,0.584973208618164,0.0,0.8400363008226185,0.0,0.5381165919282511,0.0,0.8563436270128397,0.0,0.051215703016001854,0.0
per_client_recovery,dirichlet_budget_hetero,simple_avg,1,0.794,0.0,0.6262754440307617,0.0,0.7897374881189378,0.0,0.3994053518334985,0.0,0.8025745492210462,0.0,0.07916312705686068,0.0
per_client_recovery,dirichlet_budget_hetero,single_best,1,0.912,0.0,0.29730252799987794,0.0,0.9105274329568482,0.0,0.8171206225680934,0.0,,,,
